Algorithm,Avg_Wait_Time,Requests_Served,Efficiency_Score
SCAN,986,3,0.0030425963488843813
LOOK,556,3,0.00539568345323741
MYLIFT,518,3,0.005791505791505791
