Algorithm,Avg_Wait_Time,Requests_Served,Efficiency_Score
SCAN,2166,172,0.07940904893813482
LOOK,1494,172,0.11512717536813923
MYLIFT,1046,172,0.16443594646271512
