Algorithm,Avg_Wait_Time,Requests_Served,Efficiency_Score
SCAN,2166,3,0.0013850415512465374
LOOK,1494,3,0.002008032128514056
MYLIFT,1058,3,0.002835538752362949
