Algorithm,Avg_Wait_Time,Requests_Served,Efficiency_Score
SCAN,126,3,0.023809523809523808
LOOK,464,3,0.00646551724137931
MYLIFT,1058,3,0.002835538752362949
