Algorithm,Avg_Wait_Time,Requests_Served,Efficiency_Score
SCAN,870,3,0.0034482758620689655
LOOK,552,3,0.005434782608695652
MYLIFT,518,3,0.005791505791505791
