Algorithm,Avg_Wait_Time,Requests_Served,Efficiency_Score
SCAN,986,99,0.10040567951318459
LOOK,556,99,0.17805755395683454
MYLIFT,518,99,0.19111969111969113
